Vallentuna,Österåker,Värmdö,Järfälla,Ekerö,Huddinge,Botkyrka,Salem,Haninge,Tyresö,Upplands-Bro,Nykvarn,Täby,Danderyd,Sollentuna,Stockholm,Södertälje,Nacka,Sundbyberg,Solna,Lidingö,Vaxholm,Norrtälje,Sigtuna,Nynäshamn,Håbo,Älvkarleby,Knivsta,Heby,Tierp,Uppsala,Enköping,Östhammar,Vingåker,Gnesta,Nyköping,Oxelösund,Flen,Katrineholm,Eskilstuna,Strängnäs,Trosa,Ödeshög,Ydre,Kinda,Boxholm,Åtvidaberg,Finspång,Valdemarsvik,Linköping,Norrköping,Söderköping,Motala,Vadstena,Mjölby,Aneby,Gnosjö,Mullsjö,Habo,Gislaved,Vaggeryd,Jönköping,Nässjö,Värnamo,Sävsjö,Vetlanda,Eksjö,Tranås,Uppvidinge,Lessebo,Tingsryd,Alvesta,Älmhult,Markaryd,Växjö,Ljungby,Högsby,Torsås,Mörbylånga,Hultsfred,Mönsterås,Emmaboda,Kalmar,Nybro,Oskarshamn,Västervik,Vimmerby,Borgholm,Gotland,Olofström,Karlskrona,Ronneby,Karlshamn,Sölvesborg,Svalöv,Staffanstorp,Burlöv,Vellinge,Östra Göinge,Örkelljunga,Bjuv,Kävlinge,Lomma,Svedala,Skurup,Sjöbo,Hörby,Höör,Tomelilla,Bromölla,Osby,Perstorp,Klippan,Åstorp,Båstad,Malmö,Lund,Landskrona,Helsingborg,Höganäs,Eslöv,Ystad,Trelleborg,Kristianstad,Simrishamn,Ängelholm,Hässleholm,Hylte,Halmstad,Laholm,Falkenberg,Varberg,Kungsbacka,Härryda,Partille,Öckerö,Stenungsund,Tjörn,Orust,Sotenäs,Munkedal,Tanum,Dals-Ed,Färgelanda,Ale,Lerum,Vårgårda,Bollebygd,Grästorp,Essunga,Karlsborg,Gullspång,Tranemo,Bengtsfors,Mellerud,Lilla Edet,Mark,Svenljunga,Herrljunga,Vara,Götene,Tibro,Töreboda,Göteborg,Mölndal,Kungälv,Lysekil,Uddevalla,Strömstad,Vänersborg,Trollhättan,Alingsås,Borås,Ulricehamn,Åmål,Mariestad,Lidköping,Skara,Skövde,Hjo,Tidaholm,Falköping,Kil,Eda,Torsby,Storfors,Hammarö,Munkfors,Forshaga,Grums,Årjäng,Sunne,Karlstad,Kristinehamn,Filipstad,Hagfors,Arvika,Säffle,Lekeberg,Laxå,Hallsberg,Degerfors,Hällefors,Ljusnarsberg,Örebro,Kumla,Askersund,Karlskoga,Nora,Lindesberg,Skinnskatteberg,Surahammar,Kungsör,Hallstahammar,Norberg,Västerås,Sala,Fagersta,Köping,Arboga,Vansbro,Malung-Sälen,Gagnef,Leksand,Rättvik,Orsa,Älvdalen,Smedjebacken,Mora,Falun,Borlänge,Säter,Hedemora,Avesta,Ludvika,Ockelbo,Hofors,Ovanåker,Nordanstig,Ljusdal,Gävle,Sandviken,Söderhamn,Bollnäs,Hudiksvall,Ånge,Timrå,Härnösand,Sundsvall,Kramfors,Sollefteå,Örnsköldsvik,Ragunda,Bräcke,Krokom,Strömsund,Åre,Berg,Härjedalen,Östersund,Nordmaling,Bjurholm,Vindeln,Robertsfors,Norsjö,Malå,Storuman,Sorsele,Dorotea,Vännäs,Vilhelmina,Åsele,Umeå,Lycksele,Skellefteå,Arvidsjaur,Arjeplog,Jokkmokk,Överkalix,Kalix,Övertorneå,Pajala,Gällivare,Älvsbyn,Luleå,Piteå,Boden,Haparanda,Kiruna
2014M01,2014M01,2014M01,2014M01,2014M01,2014M01,2014M01,2014M01,2014M01,2014M01,2014M01,2014M01,2014M01,2014M01,2014M01,2014M01,2014M01,2014M01,2014M01,2014M01,2014M01,2014M01,2014M01,2014M01,2014M01,2014M01,2014M01,2014M01,2014M01,2014M01,2014M01,2014M01,2014M01,2014M01,2014M01,2014M01,2014M01,2014M01,2014M01,2014M01,2014M01,2014M01,2014M01,2014M01,2014M01,2014M01,2014M01,2014M01,2014M01,2014M01,2014M01,2014M01,2014M01,2014M01,2014M01,2014M01,2014M01,2014M01,2014M01,2014M01,2014M01,2014M01,2014M01,2014M01,2014M01,2014M01,2014M01,2014M01,2014M01,2014M01,2014M01,2014M01,2014M01,2014M01,2014M01,2014M01,2014M01,2014M01,2014M01,2014M01,2014M01,2014M01,2014M01,2014M01,2014M01,2014M01,2014M01,2014M01,2014M01,2014M01,2014M01,2014M01,2014M01,2014M01,2014M01,2014M01,2014M01,2014M01,2014M01,2014M01,2014M01,2014M01,2014M01,2014M01,2014M01,2014M01,2014M01,2014M01,2014M01,2014M01,2014M01,2014M01,2014M01,2014M01,2014M01,2014M01,2014M01,2014M01,2014M01,2014M01,2014M01,2014M01,2014M01,2014M01,2014M01,2014M01,2014M01,2014M01,2014M01,2014M01,2014M01,2014M01,2014M01,2014M01,2014M01,2014M01,2014M01,2014M01,2014M01,2014M01,2014M01,2014M01,2014M01,2014M01,2014M01,2014M01,2014M01,2014M01,2014M01,2014M01,2014M01,2014M01,2014M01,2014M01,2014M01,2014M01,2014M01,2014M01,2014M01,2014M01,2014M01,2014M01,2014M01,2014M01,2014M01,2014M01,2014M01,2014M01,2014M01,2014M01,2014M01,2014M01,2014M01,2014M01,2014M01,2014M01,2014M01,2014M01,2014M01,2014M01,2014M01,2014M01,2014M01,2014M01,2014M01,2014M01,2014M01,2014M01,2014M01,2014M01,2014M01,2014M01,2014M01,2014M01,2014M01,2014M01,2014M01,2014M01,2014M01,2014M01,2014M01,2014M01,2014M01,2014M01,2014M01,2014M01,2014M01,2014M01,2014M01,2014M01,2014M01,2014M01,2014M01,2014M01,2014M01,2014M01,2014M01,2014M01,2014M01,2014M01,2014M01,2014M01,2014M01,2014M01,2014M01,2014M01,2014M01,2014M01,2014M01,2014M01,2014M01,2014M01,2014M01,2014M01,2014M01,2014M01,2014M01,2014M01,2014M01,2014M01,2014M01,2014M01,2014M01,2014M01,2014M01,2014M01,2014M01,2014M01,2014M01,2014M01,2014M01,2014M01,2014M01,2014M01,2014M01,2014M01,2014M01,2014M01,2014M01,2014M01,2014M01,2014M01,2014M01,2014M01,2014M01,2014M01,2014M01,2014M01,2014M01,2014M01,2014M01,2014M01,2014M01,2014M01,2014M01,2014M01,2014M01,2014M01,2014M01,2014M01,2014M01,2014M01,2014M01,2014M01,2014M01,2014M01,2014M01,2014M01,2014M01
29765,38456,37770,65447,24974,96529,82467,15191,76535,42181,23367,9026,62932,30691,64517,844378,86189,88962,39883,68286,42777,10655,54535,40959,25551,18996,8708,14641,12831,19180,194647,38725,20344,8452,9868,50493,10915,15483,31292,94668,31772,11171,4946,3475,9383,5019,10976,19926,7345,142400,126680,13511,40308,7086,25034,6079,8975,6655,10273,27380,12483,123727,28084,31530,10410,25152,15690,17350,8836,7670,11640,18272,14936,9110,81154,26140,5480,6632,13645,13062,12363,8637,60783,18589,24973,34405,14600,10292,54608,12423,60791,26629,29875,16059,12668,21449,16090,32269,13065,9233,14029,27901,21231,18880,14304,17503,14173,14837,12257,11766,12094,6815,15883,14131,13688,293226,108858,40640,126138,23893,30235,27387,40664,76971,18297,38000,47881,9539,89456,22423,39903,56875,73415,33576,34038,11994,23648,14426,14462,8624,9760,11773,4537,6248,26608,37185,10515,8111,5417,5248,6555,4997,10980,9182,8508,12213,32165,9856,8863,14862,12384,10261,8653,504046,58597,39888,13785,50228,11791,35553,53611,36658,100337,22136,11751,22830,36633,17755,50245,8395,12005,30325,11217,8033,11503,3980,14323,3541,10781,8546,9517,12514,83569,22895,10119,11640,24694,14656,6852,5378,14562,9126,6705,4726,132884,19726,10634,28464,9925,22133,4261,9401,7814,14717,5376,135050,20714,12208,24082,12907,6459,9669,9510,14558,10404,6614,6803,10261,19210,54052,47451,10354,14405,20682,24499,5553,9103,10876,9062,18164,92577,35641,24335,24986,35176,9196,17260,23460,92375,17769,18782,52423,5210,6295,13843,11468,9920,6912,9879,57034,6710,2317,5095,6438,3987,3013,5755,2483,2635,8125,6585,2783,112308,11671,68699,6191,2847,4881,3327,15792,4567,6059,17603,7829,72121,39456,26736,9456,22097
34212750,45964286,48432836,131577920,18965558,211456210,217174440,20887316,199203690,69019264,28080110,19179476,108180128,68638310,128923378,2358687200,215657832,176704626,134215590,212834022,61814756,16103204,72646814,105251966,40818654,42059966,19381676,8283664,18949722,26274208,369179024,65177524,47211762,21905048,25358938,80150600,25137960,32954884,66004628,175649204,46857102,18412526,7158222,3710414,18190522,5625062,14951946,34896966,10308484,232694040,308697158,15402080,92240762,6556484,53758926,15664680,16167588,6993744,10745112,59638206,17831950,256424102,46550590,52520714,16830584,50813018,29838692,31293862,11045362,6874082,14269360,18038980,14752752,31126526,159851764,34405674,8802510,17169716,40069940,23361964,28113254,12413532,127927680,40773182,55315692,60822250,24397956,32280206,102445062,25739644,117295756,50283314,56874168,22790034,9932244,34728504,30337682,70723382,27768480,27666814,22980350,54369566,45494422,25036248,34273946,32424740,25394920,25064226,20299372,24483556,22705012,11115880,27150050,32417160,34638572,950020470,204883300,103679784,319976656,56248434,63753206,40991472,100547534,194317266,40909292,78340502,104128518,26923446,199218408,47552702,62622962,110279154,110987352,59941708,71824952,16521654,31930362,21408748,31534546,21543184,11861484,27836244,12690278,12256548,57081748,51013296,12269706,15804370,10162692,10510032,22111258,14400336,24560122,25652048,20762422,26589786,56224926,15240368,9041480,29901434,21892928,24265528,14588788,1445629688,107728250,55524888,22313150,85734330,24194102,69358122,110482056,64120712,226155884,36826734,42100570,43152046,75411786,50114814,99827818,10521830,31296288,42208774,22647766,19124290,24505494,6168668,16586426,10920174,13581978,31086264,21321528,22934826,196054540,49913572,28956516,30076152,36351982,34320286,9956676,12886882,29562606,19078116,11208886,8357492,230459378,30945792,22146690,73491372,19965320,42196172,10541418,25280876,10445932,39034586,14903904,246539850,37313766,45981382,66443422,28174054,14574020,26096984,14346498,24113914,23723166,19253568,11555460,11663838,39909482,95226188,114289570,14459682,20364310,42898520,63577684,18126138,16815242,26372558,17319238,36968804,194250236,80807378,54572970,41048038,62705666,15031304,27033958,28276742,184748552,32202652,47727296,79256384,9386032,11767656,11057346,26023402,14572742,12647698,21307830,114682816,8914274,6609776,8585564,9412550,8794884,3678818,9163430,4496196,5631958,14636148,16853896,5471778,127626148,17025216,65416854,18313926,4620402,10294396,7974294,24796548,3956604,9469968,44182888,15017576,113459132,63570564,30150758,14117982,43589008
513.9673406844335,492.6082007973593,546.954669678148,811.4680415422947,341.180794416061,971.497794725719,1196.711631290088,632.4123773767712,1076.5090301870887,733.9195678526615,465.21056991385024,862.386510791367,753.1756711596302,1094.0468296726067,887.7064145642834,1259.0758364169392,1106.8230584467574,850.007340561654,1312.75029342723,1313.8226993259093,668.9908658008658,701.9093365879173,577.9012791548669,1070.4605793092226,711.4486352703315,966.273800771917,1053.580995868667,217.67038049190666,687.7802700348432,644.4495462349767,797.7385118695196,716.7248454991312,1105.5583083551892,1273.9937187390951,1144.5630077631342,724.3615002259377,1090.9625900529468,1072.8898294048704,1002.5917914755294,854.9736375849379,635.8505943657385,653.1117338251986,704.8269003544702,527.7971550497866,949.2027760384053,537.255205348615,679.8193143584614,831.6325723273438,703.1708049113233,731.309917407319,1117.4072366087264,542.2122086883053,1103.9922682880122,456.3889739663093,995.6831752852274,1211.4988399071926,897.2024417314095,488.18539717995253,434.6376506755117,1061.6692063944174,635.7201426024956,928.1648459840012,769.5329960986577,793.2923602090445,758.2710398269959,964.9262818078238,877.7634876742954,876.6769946212461,616.6459356855739,426.9616149068323,608.7610921501706,470.1569015846539,429.45831392640895,1604.9564813859956,867.0819718370977,633.0390800367985,824.6683530073075,1275.4208884266825,1312.7355523522474,869.5088581211851,1110.3180884676146,692.2558554539371,934.2423976864429,1054.660682876358,1068.6131674522835,865.0829208624907,821.9781685870224,1535.2518786264625,871.1907442683175,1018.3432505143219,918.8568787503721,905.4509669751864,921.8453060165975,677.146244354647,362.49065693430657,684.0089813282912,806.7245120459501,981.5602897907067,1002.2551071969971,1388.3387193898034,754.0969350922097,880.3932573353196,960.446335078534,569.6788932374625,1079.8344675488343,871.4453880885831,848.0804167779855,761.4139984203172,770.491611629849,1011.8844437097041,897.5732131562303,787.5782910585234,799.2360906682367,1045.0406189555126,1145.0767603305785,1404.4706590225687,828.346810059028,1158.0969103947457,1113.3417860696863,1045.5876645103724,967.2473297730307,673.7364320699517,1131.2474291757612,1175.7422067863886,1109.795778850849,927.0407071687217,1045.0683273449888,1360.044756516468,994.8981622053536,939.776719367589,700.7470626412729,854.0032989499117,678.4565616059858,791.685923343107,951.1978810753543,669.1637910085054,601.6876837265395,687.4999357739242,1066.5814110802949,1216.304426377597,587.2021782178218,1113.44976,1416.325669642857,983.3559050064185,931.1259950411066,617.1311606300355,525.6042666209732,852.9992443868739,941.6875463306153,963.3393217231898,1629.9025504938818,1450.1848942598187,1081.3720500176119,1444.6974543816175,1174.4779952483314,972.6309898310045,834.8170155902004,740.2549057703517,497.60484314804626,969.3780068728522,861.6549118387909,1119.4652149843143,828.3436293436293,1271.6725176241255,808.7585021245927,597.7874337883812,818.4107247652582,787.1311972089607,953.1240939174284,914.5563174134339,977.9250106217249,797.3031260102957,1036.4614298808433,771.2728072379995,1796.252666609779,909.6514608541676,975.6991331349464,1400.2462699077955,913.6052458176227,595.9350928862709,1278.1298701298701,667.058189518933,980.5076630011256,1174.566392335094,1120.0975409086755,828.0091275167786,519.1369640062597,1539.7876480541456,615.4603045133225,1788.6227848101266,1120.7699747687132,892.822563064466,1061.72851139416,1082.6299670310602,1470.7698090207232,1347.9809967730368,735.2152333953563,1178.1766563680055,605.0483714146816,1202.3588356036573,955.6053141970519,1046.9825485676654,881.7562932662051,961.2942259029215,764.7514468130292,725.7455909943715,1004.6584104518237,1270.1146175382808,974.6787736770162,941.2065488936474,1245.1474131821403,1316.8494634857798,626.4051331254498,1231.5303508329127,1390.8085106382978,817.2230509148767,848.1557939719053,1808.439471407221,1333.402006823199,1048.0639089353472,1117.6395705521472,1319.7625164357237,719.8443552433517,777.7678364082054,1110.4271671971542,1444.5954381752701,855.0732573627349,556.5339249928428,1003.911103285204,835.2002175133315,1149.9332917454824,671.8558684137162,690.1752185996069,983.0091659028415,1267.9021218889598,1616.6730288976098,928.403378975265,1190.3122404766202,953.0727492846137,1028.1106846876912,982.5107532320392,1080.1970110148648,1128.940215142739,806.0646846280732,866.7468277444502,853.9543233723441,793.389622586136,594.5988308520481,971.5017878928105,935.4166037297391,1332.5691311145856,746.0266947796457,946.9362389023406,991.3779275484414,374.59672064503013,1188.9346673976609,619.3260518487037,929.5676907246802,1084.5887203501984,925.4286175397824,659.9255256144507,1465.5822616407982,823.4763092269327,728.5255417956656,1164.2684670373312,636.253545485991,830.0208333333334,966.0928233777396,1226.4716898954705,860.6461248970951,1378.9801996399935,1029.6910048927361,505.71446459139037,729.9440919224833,459.17519969676977,1562.0885363357215,905.2511755485893,1126.3015317286652,1305.9767441860465,823.8055813953488,496.81115017579106,838.7925597874225,1326.3354947166185,992.0449200687012,747.3660316707507,784.1247779751333,561.4248100700135,783.2010429379785,1017.1989172033977
4,7,5,16,2,28,16,3,20,7,3,2,18,9,13,283,21,26,14,30,8,5,12,16,6,6,2,1,3,4,48,9,8,4,4,15,4,5,10,25,10,4,1,1,4,1,3,6,1,33,40,2,14,2,10,2,3,1,2,10,3,37,6,11,3,8,4,5,2,2,2,3,3,4,26,6,1,2,5,5,4,1,23,6,6,13,6,6,20,2,16,7,9,4,1,4,2,10,4,4,3,11,7,3,5,4,3,3,3,4,2,1,3,4,8,106,38,10,35,6,7,7,12,26,10,14,13,5,24,11,13,20,17,8,8,3,5,4,7,5,1,6,2,2,7,9,3,2,1,2,3,2,5,5,3,3,9,2,3,6,4,2,1,167,15,9,6,14,8,11,18,15,33,7,6,6,11,10,18,1,4,6,2,7,6,1,2,2,2,3,5,4,34,5,3,5,7,5,1,2,6,2,1,1,28,3,2,13,2,5,2,2,1,5,2,35,6,5,11,5,3,8,2,5,4,2,2,1,7,17,19,2,3,6,9,2,2,3,3,7,29,9,7,7,10,2,3,7,32,7,11,19,3,2,3,7,4,4,6,23,1,2,2,2,3,1,3,2,1,2,3,1,27,3,17,4,1,4,1,5,2,4,5,3,22,12,7,5,11
89.4,131.8,90.5,1314.4,122.8,795.1,457.9,298.3,180.0,655.6,107.5,64.3,1109.5,1223.3,1317.5,4872.8,175.7,1011.5,5073.6,3838.3,1476.1,195.9,28.6,134.5,75.4,139.6,42.6,57.1,11.6,13.1,95.0,34.9,14.5,24.1,22.8,37.7,326.0,22.6,32.6,91.8,45.8,56.6,12.1,5.4,8.7,10.1,16.7,20.0,10.4,106.4,90.5,21.2,43.3,38.6,48.3,12.4,22.6,35.5,33.8,25.3,16.0,89.3,32.2,27.4,16.3,17.8,20.8,45.7,7.9,20.0,11.7,20.0,17.9,18.5,52.2,15.7,7.7,14.8,21.7,12.2,21.8,13.1,67.6,16.8,25.1,19.2,13.4,15.8,18.3,33.4,61.8,34.2,64.7,91.5,34.8,215.3,910.6,239.1,32.1,30.5,129.2,195.4,413.4,92.9,78.4,37.4,35.6,54.3,32.9,76.3,22.3,45.2,44.7,163.1,66.4,2031.3,271.5,310.7,393.6,176.3,76.8,82.2,126.5,65.7,48.2,95.8,39.8,10.9,94.2,26.9,38.3,69.6,128.9,136.1,643.1,491.1,100.3,90.4,39.0,64.6,16.2,13.5,6.6,11.0,89.7,153.8,26.0,32.9,21.3,23.6,16.7,16.6,15.7,10.8,17.4,41.3,36.5,11.3,18.8,22.4,32.3,49.4,16.8,1208.2,431.5,116.8,68.6,83.9,27.2,59.0,138.9,83.0,117.6,22.2,25.6,39.7,55.5,43.7,78.9,29.9,24.4,30.8,33.0,10.3,2.9,10.5,256.7,25.8,32.7,23.2,7.0,10.2,75.6,31.9,6.9,6.5,15.6,12.6,15.9,9.4,24.1,24.8,7.0,8.5,103.9,102.9,13.6,64.2,16.7,16.9,6.7,28.8,40.8,92.0,13.7,149.9,18.8,48.8,42.0,41.9,4.3,2.4,13.1,12.5,5.6,3.9,1.0,11.3,7.1,27.9,86.9,19.1,18.1,35.9,17.5,5.4,23.0,6.1,6.9,3.6,60.9,32.5,24.0,14.5,14.8,3.1,23.0,23.4,30.5,10.9,3.7,8.7,2.2,1.9,2.4,1.1,1.5,1.2,0.9,27.4,5.8,1.9,2.0,5.2,2.4,1.9,0.8,0.3,1.0,16.3,0.9,0.7,51.6,2.2,10.6,1.1,0.2,0.3,1.2,9.0,2.0,0.8,1.2,4.8,36.3,13.5,7.0,10.6,1.2
42,43,43,41,43,41,41,42,41,43,40,42,43,44,42,42,42,42,41,42,44,46,48,41,45,43,46,40,46,46,41,44,48,47,46,45,48,48,45,43,45,46,48,50,48,48,47,46,51,42,43,47,46,51,44,46,45,45,42,45,43,43,44,45,45,46,46,46,46,45,48,44,43,47,42,46,48,49,48,48,47,48,43,47,46,49,47,54,47,48,45,46,47,48,43,42,42,46,45,46,43,43,44,42,44,46,46,45,47,46,46,44,45,42,50,41,41,44,43,48,43,48,45,45,52,46,46,45,44,47,46,46,44,42,42,48,44,49,50,52,46,49,48,47,42,42,44,44,48,47,49,51,46,49,48,44,45,47,46,46,47,46,48,41,42,44,50,44,45,45,43,45,43,46,48,47,46,45,43,47,46,45,46,47,50,50,43,49,45,47,47,48,44,48,48,50,47,48,44,49,45,49,49,51,42,43,49,47,48,47,49,46,46,45,48,43,46,45,46,47,48,48,46,49,51,49,49,49,48,45,44,47,47,47,46,49,48,48,48,48,44,46,48,47,47,49,46,47,45,49,49,46,49,49,44,49,43,49,49,44,48,48,47,47,49,48,49,50,51,44,48,50,41,46,46,48,50,50,52,49,53,51,47,47,44,46,47,49,45
14218,17855,18603,53428,7527,87849,80364,8468,79432,28611,12503,8664,38411,24070,47697,1005065,84788,73034,59150,86563,20871,6722,29027,37420,17207,19171,8375,3301,8832,11235,167969,30039,19582,8272,12085,34907,10224,14491,24564,64611,19430,8033,3256,1874,7260,2834,6981,16631,4366,107148,132276,6453,44054,3270,26002,7074,7050,3175,5344,25913,8292,121533,20814,22794,6370,21859,14871,15119,4238,2439,5694,7299,5454,12240,68774,12845,3643,6192,18234,10257,11571,5286,59305,16438,23005,29722,10986,14927,51154,10252,52432,21262,27177,9373,4114,15554,11947,26931,12138,10394,7797,23604,18998,9748,13604,11969,9336,10259,8534,9892,8790,4272,10484,13118,13177,389584,102300,41943,127134,21217,27322,19835,40592,83626,18499,35484,45561,11397,86149,19930,28459,52277,44694,24216,24144,6281,12797,9040,12508,8713,4171,11775,5476,5455,22001,21269,5503,6012,4482,4508,9650,6854,10555,12208,9256,11870,24012,6893,3805,12646,10037,11288,6586,634941,47227,20034,8611,41279,9252,32387,46899,29756,102501,16973,19311,19804,35688,26326,47797,4937,14843,16329,10671,8392,10814,2562,8097,4950,7024,12675,9121,10743,91980,23592,10555,13845,14702,15400,4185,5115,11436,8374,4583,3365,97010,12276,8775,32133,7906,16727,4584,10550,4534,17291,7602,111931,17317,20091,26930,11798,6632,12113,5598,12261,10005,9276,5710,4517,20365,46546,47833,6989,9010,17683,28816,7438,5913,11071,7824,15788,95450,34466,24298,18986,30051,6381,11136,13986,86996,14142,21549,35176,4167,5349,4812,10884,5523,4938,9264,57992,4016,2709,3229,4415,4064,1792,4659,1988,2318,6011,6949,2524,63093,8203,31395,7743,1985,5025,3294,10890,1639,3706,17556,6181,53309,30636,13796,6292,20312
3554.5,2550.714285714286,3720.6,3339.25,3763.5,3137.464285714286,5022.75,2822.6666666666665,3971.6,4087.285714285714,4167.666666666667,4332.0,2133.9444444444443,2674.4444444444443,3669.0,3551.4664310954063,4037.5238095238096,2809.0,4225.0,2885.4333333333334,2608.875,1344.4,2418.9166666666665,2338.75,2867.8333333333335,3195.1666666666665,4187.5,3301.0,2944.0,2808.75,3499.3541666666665,3337.6666666666665,2447.75,2068.0,3021.25,2327.133333333333,2556.0,2898.2,2456.4,2584.44,1943.0,2008.25,3256.0,1874.0,1815.0,2834.0,2327.0,2771.8333333333335,4366.0,3246.909090909091,3306.9,3226.5,3146.714285714286,1635.0,2600.2,3537.0,2350.0,3175.0,2672.0,2591.3,2764.0,3284.675675675676,3469.0,2072.181818181818,2123.3333333333335,2732.375,3717.75,3023.8,2119.0,1219.5,2847.0,2433.0,1818.0,3060.0,2645.153846153846,2140.8333333333335,3643.0,3096.0,3646.8,2051.4,2892.75,5286.0,2578.478260869565,2739.6666666666665,3834.1666666666665,2286.3076923076924,1831.0,2487.8333333333335,2557.7,5126.0,3277.0,3037.4285714285716,3019.6666666666665,2343.25,4114.0,3888.5,5973.5,2693.1,3034.5,2598.5,2599.0,2145.818181818182,2714.0,3249.3333333333335,2720.8,2992.25,3112.0,3419.6666666666665,2844.6666666666665,2473.0,4395.0,4272.0,3494.6666666666665,3279.5,1647.125,3675.3207547169814,2692.1052631578946,4194.3,3632.4,3536.1666666666665,3903.1428571428573,2833.5714285714284,3382.6666666666665,3216.3846153846152,1849.9,2534.5714285714284,3504.6923076923076,2279.4,3589.5416666666665,1811.8181818181818,2189.153846153846,2613.85,2629.0588235294117,3027.0,3018.0,2093.6666666666665,2559.4,2260.0,1786.857142857143,1742.6,4171.0,1962.5,2738.0,2727.5,3143.0,2363.222222222222,1834.3333333333333,3006.0,4482.0,2254.0,3216.6666666666665,3427.0,2111.0,2441.6,3085.3333333333335,3956.6666666666665,2668.0,3446.5,1268.3333333333333,2107.6666666666665,2509.25,5644.0,6586.0,3802.0419161676646,3148.4666666666667,2226.0,1435.1666666666667,2948.5,1156.5,2944.2727272727275,2605.5,1983.7333333333333,3106.090909090909,2424.714285714286,3218.5,3300.6666666666665,3244.3636363636365,2632.6,2655.3888888888887,4937.0,3710.75,2721.5,5335.5,1198.857142857143,1802.3333333333333,2562.0,4048.5,2475.0,3512.0,4225.0,1824.2,2685.75,2705.294117647059,4718.4,3518.3333333333335,2769.0,2100.285714285714,3080.0,4185.0,2557.5,1906.0,4187.0,4583.0,3365.0,3464.6428571428573,4092.0,4387.5,2471.769230769231,3953.0,3345.4,2292.0,5275.0,4534.0,3458.2,3801.0,3198.0285714285715,2886.1666666666665,4018.2,2448.181818181818,2359.6,2210.6666666666665,1514.125,2799.0,2452.2,2501.25,4638.0,2855.0,4517.0,2909.285714285714,2738.0,2517.5263157894738,3494.5,3003.3333333333335,2947.1666666666665,3201.777777777778,3719.0,2956.5,3690.3333333333335,2608.0,2255.4285714285716,3291.3793103448274,3829.5555555555557,3471.1428571428573,2712.285714285714,3005.1,3190.5,3712.0,1998.0,2718.625,2020.2857142857142,1959.0,1851.3684210526317,1389.0,2674.5,1604.0,1554.857142857143,1380.75,1234.5,1544.0,2521.391304347826,4016.0,1354.5,1614.5,2207.5,1354.6666666666667,1792.0,1553.0,994.0,2318.0,3005.5,2316.3333333333335,2524.0,2336.777777777778,2734.3333333333335,1846.764705882353,1935.75,1985.0,1256.25,3294.0,2178.0,819.5,926.5,3511.2,2060.3333333333335,2423.1363636363635,2553.0,1970.857142857143,1258.4,1846.5454545454545
2406.298354198903,2574.3089330719686,2603.4959952695804,2462.714681440443,2519.6702537531555,2407.0417420801605,2702.3846498432135,2466.617383089277,2507.851873300433,2412.333158575373,2245.8697912500998,2213.697599261311,2816.3840566504387,2851.6123805567095,2702.9661823594774,2346.8006546840256,2543.4947398216727,2419.4844319084264,2269.07168216399,2458.7181821332438,2961.753437784486,2395.59714370723,2502.7324215385675,2812.7195617316943,2372.2121229732084,2193.936988159199,2314.229970149254,2509.440775522569,2145.5754076086955,2338.603293279929,2197.899755311992,2169.7634408602153,2410.9775303850474,2648.095744680851,2098.3812991311543,2296.1182570831065,2458.720657276995,2274.1621696225243,2687.0472235792217,2718.565012149634,2411.5852804940814,2292.110792978962,2198.4711302211304,1979.9434364994663,2505.5815426997247,1984.848976711362,2141.8057584873227,2098.308339847273,2361.0819972514887,2171.7067980736924,2333.735205177054,2386.809236014257,2093.811277069052,2005.0409785932723,2067.4919621567574,2214.4020356234096,2293.2748936170215,2202.7540157480316,2010.687125748503,2301.4782541581444,2150.5004823926674,2109.913373322472,2236.5037955222447,2304.1464420461525,2642.1638932496076,2324.581087881422,2006.5020509716899,2069.836761690588,2606.26757904672,2818.4018040180404,2506.0344221988057,2471.43170297301,2704.941694169417,2543.0168300653595,2324.305173466717,2678.526586220319,2416.280538018117,2772.886950904393,2197.5397608862563,2277.6605245198402,2429.630455448967,2348.379114642452,2157.1145771857346,2480.4223141501398,2404.507367963486,2046.3713747392503,2220.822501365374,2162.5380853486968,2002.6793994604527,2510.694888802185,2237.102456515105,2364.9381055404006,2092.7316480847776,2431.455670543049,2414.2547399124937,2232.7699627105567,2539.3556541391144,2626.0956518510266,2287.731092436975,2661.8062343659803,2947.3323072976787,2303.404761904762,2394.695336351195,2568.34714813295,2519.402087621288,2709.060071852285,2720.107112253642,2443.1451408519347,2378.6468244668386,2475.086534573393,2583.050284414107,2602.0318352059926,2589.665204120565,2471.196828784876,2628.7145784321165,2438.5510441907263,2002.7693059628543,2471.9210356912954,2516.84565891107,2651.1021350803603,2333.401873947734,2066.623241744391,2477.028330705558,2323.6465453327914,2211.43261797935,2207.769755382708,2285.4748139856456,2362.327454593314,2312.486598799754,2385.986051179127,2200.4624898977477,2109.5157334965666,2483.271848570278,2475.293524942187,2974.85719019218,2630.417767871358,2495.1443307025083,2368.224336283186,2521.150143907899,2472.533455755767,2843.7986094461758,2364.012229299363,2317.435719503287,2246.8465627864343,2594.506976955593,2398.481169777611,2229.639469380338,2628.8040585495673,2267.4457831325303,2331.4179236912155,2291.32207253886,2101.0119638167494,2326.870866887731,2101.249017038008,2243.131158167675,2240.0830665543385,2341.5344827586205,2210.992020890759,2376.2102496714847,2364.4973904792027,2181.22227757298,2149.6746987951806,2215.12116610993,2276.793730441096,2281.0733266987104,2771.532794249775,2591.237951457438,2076.947842728748,2615.013186338089,2141.5420384722265,2355.7443868739206,2154.883452076892,2206.3773426600715,2169.7245036234017,2180.1341204494847,2178.956069480913,2113.0852387357095,1903.6243257616045,2088.579157687721,2131.2193639862267,2108.4880415010443,2584.8964419131607,2122.3658513728797,2278.8715443279316,2266.089698538931,2407.7548790007804,2048.4656045448933,2206.0957575757575,1933.6529043280182,2452.5652071005916,2337.630522968973,2134.8623289583916,2131.4909762991956,2115.6990505256017,2743.3932733301754,2172.347562296858,2472.587539110325,2228.59,2379.1340501792115,2519.429521016618,2585.047743966422,2278.2560305708143,2445.7530002181975,2483.652897473997,2375.6249664982993,2520.8367546432064,2523.8393162393163,2287.099617215946,2525.3377181887176,2522.638369103844,2299.611256544503,2396.2915639810426,2303.9108954565504,2257.5088774506967,1960.5240726124705,2202.605623107093,2154.7477045677656,2288.6557164899705,2467.264092090605,2388.0364468553994,2197.5301568154405,2154.460827210435,2562.7899249732045,1966.716744148112,2371.1310344827584,2075.632600258732,2023.723292469352,2582.2089882665487,1959.709403388166,2045.8511579942422,2389.3456400393034,2068.9200171698385,2260.1897891231965,2425.9752304473222,2206.332731815658,2436.9639688088196,2843.7750718755283,2382.129708246771,2213.604038854806,2341.5761337724853,2035.0993818753275,2344.5534149596706,2245.986089390073,2162.0161171389445,2086.641575987488,2355.634540040746,2427.6183548850577,2021.789074789075,2123.6442135270586,2277.0931975675294,2214.8264884681425,2253.1380486695475,2252.467482601392,2199.973079080202,2297.8690773067333,2390.9777655273797,2638.555495201883,2561.2997164844064,2300.068005181347,1977.5626983032143,2219.6897410358565,2439.9320782576597,2658.892536388975,2131.947904869762,2164.095472440945,2052.9118303571427,1966.8233526507834,2261.6680080482897,2429.662640207075,2434.8940276160374,2425.3699812922723,2167.8993660855785,2022.825796839586,2075.486529318542,2083.671094123268,2365.2235567609455,2327.658438287154,2048.6360199004976,2420.8542805100183,2277.001652892562,2414.0353874313605,2555.3070696168375,2516.68307131465,2429.635334088335,2128.3297754600535,2075.028202115159,2185.4710060887214,2243.798792116974,2145.9732178022846
7441.25,5493.714285714285,7554.0,4090.4375,12487.0,3447.464285714286,5154.1875,5063.666666666667,3826.75,6025.857142857143,7789.0,4513.0,3496.222222222222,3410.1111111111113,4962.846153846154,2983.667844522968,4104.238095238095,3421.6153846153848,2848.785714285714,2276.2,5347.125,2131.0,4544.583333333333,2559.9375,4258.5,3166.0,4354.0,14641.0,4277.0,4795.0,4055.1458333333335,4302.777777777777,2543.0,2113.0,2467.0,3366.2,2728.75,3096.6,3129.2,3786.72,3177.2,2792.75,4946.0,3475.0,2345.75,5019.0,3658.6666666666665,3321.0,7345.0,4315.151515151515,3167.0,6755.5,2879.1428571428573,3543.0,2503.4,3039.5,2991.6666666666665,6655.0,5136.5,2738.0,4161.0,3343.972972972973,4680.666666666667,2866.3636363636365,3470.0,3144.0,3922.5,3470.0,4418.0,3835.0,5820.0,6090.666666666667,4978.666666666667,2277.5,3121.3076923076924,4356.666666666667,5480.0,3316.0,2729.0,2612.4,3090.75,8637.0,2642.7391304347825,3098.1666666666665,4162.166666666667,2646.5384615384614,2433.3333333333335,1715.3333333333333,2730.4,6211.5,3799.4375,3804.1428571428573,3319.4444444444443,4014.75,12668.0,5362.25,8045.0,3226.9,3266.25,2308.25,4676.333333333333,2536.4545454545455,3033.0,6293.333333333333,2860.8,4375.75,4724.333333333333,4945.666666666667,4085.6666666666665,2941.5,6047.0,6815.0,5294.333333333333,3532.75,1711.0,2766.2830188679245,2864.684210526316,4064.0,3603.942857142857,3982.1666666666665,4319.285714285715,3912.4285714285716,3388.6666666666665,2960.423076923077,1829.7,2714.285714285714,3683.153846153846,1907.8,3727.3333333333335,2038.4545454545455,3069.4615384615386,2843.75,4318.529411764706,4197.0,4254.75,3998.0,4729.6,3606.5,2066.0,1724.8,9760.0,1962.1666666666667,2268.5,3124.0,3801.1428571428573,4131.666666666667,3505.0,4055.5,5417.0,2624.0,2185.0,2498.5,2196.0,1836.4,2836.0,4071.0,3573.8888888888887,4928.0,2954.3333333333335,2477.0,3096.0,5130.5,8653.0,3018.2395209580836,3906.4666666666667,4432.0,2297.5,3587.714285714286,1473.875,3232.090909090909,2978.3888888888887,2443.866666666667,3040.5151515151515,3162.285714285714,1958.5,3805.0,3330.2727272727275,1775.5,2791.3888888888887,8395.0,3001.25,5054.166666666667,5608.5,1147.5714285714287,1917.1666666666667,3980.0,7161.5,1770.5,5390.5,2848.6666666666665,1903.4,3128.5,2457.9117647058824,4579.0,3373.0,2328.0,3527.714285714286,2931.2,6852.0,2689.0,2427.0,4563.0,6705.0,4726.0,4745.857142857143,6575.333333333333,5317.0,2189.5384615384614,4962.5,4426.6,2130.5,4700.5,7814.0,2943.4,2688.0,3858.5714285714284,3452.3333333333335,2441.6,2189.2727272727275,2581.4,2153.0,1208.625,4755.0,2911.6,2601.0,3307.0,3401.5,10261.0,2744.285714285714,3179.529411764706,2497.4210526315787,5177.0,4801.666666666667,3447.0,2722.1111111111113,2776.5,4551.5,3625.3333333333335,3020.6666666666665,2594.8571428571427,3192.310344827586,3960.1111111111113,3476.4285714285716,3569.4285714285716,3517.6,4598.0,5753.333333333333,3351.4285714285716,2886.71875,2538.4285714285716,1707.4545454545455,2759.1052631578946,1736.6666666666667,3147.5,4614.333333333333,1638.2857142857142,2480.0,1728.0,1646.5,2479.7391304347825,6710.0,1158.5,2547.5,3219.0,1329.0,3013.0,1918.3333333333333,1241.5,2635.0,4062.5,2195.0,2783.0,4159.555555555556,3890.3333333333335,4041.1176470588234,1547.75,2847.0,1220.25,3327.0,3158.4,2283.5,1514.75,3520.6,2609.6666666666665,3278.2272727272725,3288.0,3819.4285714285716,1891.2,2008.8181818181818
3943,5606,4674,18307,2841,28331,35086,2729,19626,6809,5748,1091,10374,4713,15143,210875,33169,17275,12321,19781,7147,1155,6085,12378,3974,2642,1079,1651,1287,1903,35897,4800,1704,1066,1110,6593,2092,2996,5279,22579,4153,1375,453,311,755,368,716,2733,593,22237,22882,764,5188,559,2126,581,2111,611,697,5203,1834,19627,4293,5691,1649,3194,1698,2050,1576,1676,1559,3259,2598,1721,14021,4176,966,594,857,2034,1341,1221,7092,2551,2872,3139,1301,834,2996,2710,6928,3383,3447,1849,1887,2596,4895,2628,1684,1402,2960,2560,1774,1765,1602,1714,1652,1647,1255,1544,1648,1406,2344,3182,1556,98674,21473,10920,28914,2805,4836,2461,6493,12873,1883,4179,6720,1991,14878,2565,5026,5554,5366,3579,5427,589,2266,1053,1013,716,935,1223,694,588,3882,3468,1062,710,346,409,445,767,1596,1367,1137,1775,3629,1292,966,1234,1221,1357,908,128642,9155,3488,1568,7087,2961,4408,10664,3972,20896,2452,1486,2400,3303,2281,6891,589,1164,3704,799,2071,1324,728,918,347,848,851,1865,945,9548,2750,1461,1296,2784,1582,317,840,1685,1192,1157,797,22616,2303,724,4138,1112,3051,768,1918,1190,2853,733,27714,2305,3078,4752,1644,381,883,610,1062,569,597,473,1106,1270,4955,7735,683,1659,2917,3517,536,1219,724,750,1669,13143,5025,2443,2362,2942,644,1594,2667,9364,1727,1873,3788,512,662,923,1170,916,478,883,4456,547,240,428,490,364,213,374,293,215,546,503,276,12190,983,5028,491,289,502,316,1570,1213,799,1357,632,7113,2012,2333,3879,2281
0.13247102301360658,0.1457769918868317,0.12374900714853058,0.27972252356868915,0.11375830864098663,0.2934972909695532,0.4254550304970473,0.17964584293331579,0.25643169791598613,0.16142338967781703,0.24598793169854924,0.12087303345889652,0.16484459416513061,0.15356293375908248,0.2347133313700265,0.2497400453351461,0.3848402928447946,0.1941840336323374,0.308928616202392,0.28967870427320386,0.16707576501390933,0.10839981229469732,0.11157971944622719,0.3022046436680583,0.15553207310868458,0.1390819119814698,0.1239090491502067,0.11276552148077316,0.10030395136778116,0.09921793534932222,0.1844210288368174,0.12395093608779859,0.08375933936295714,0.1261239943208708,0.112484799351439,0.1305725546115303,0.19166284928996793,0.19350255118517085,0.1687012654991691,0.23850720412388557,0.13071257711192244,0.12308656342314922,0.09158916295996765,0.08949640287769785,0.08046467014814025,0.07332137876070931,0.0652332361516035,0.13715748268593797,0.08073519400953029,0.15615870786516853,0.18062835491000948,0.05654651765228332,0.12870894115312098,0.07888794806661022,0.08492450267636015,0.09557493008718539,0.23520891364902508,0.0918106686701728,0.06784775625425873,0.1900292184075968,0.1469198109428823,0.15863150322888295,0.15286284005127473,0.18049476688867744,0.1584053794428434,0.12698791348600508,0.10822179732313575,0.11815561959654179,0.1783612494341331,0.21851368970013038,0.13393470790378006,0.17836033274956217,0.1739421531869309,0.1889132821075741,0.17277028858713064,0.15975516449885233,0.17627737226277373,0.08956574185765984,0.0628068889703188,0.155718879191548,0.10846881824799806,0.1413685307398402,0.11667736044617738,0.1372316961643983,0.11500420454090418,0.09123673884609795,0.0891095890410959,0.08103381267003498,0.054863756226193966,0.2181437655960718,0.11396423812735437,0.12704194674978406,0.11538075313807532,0.11513792888722835,0.14895800442058732,0.12103128350972073,0.30422622747047856,0.08144039170721125,0.12889399158055875,0.15184663706270984,0.2109915175707463,0.0917529837640228,0.08355706278554943,0.09348516949152542,0.11199664429530201,0.09792606981660287,0.11655965568334156,0.11100626811350003,0.10239047075140736,0.13122556518782935,0.13626591698362825,0.20630961115187088,0.14757917270037146,0.22517868516028589,0.11367621274108708,0.3365117690791403,0.1972569769791839,0.2687007874015748,0.2292251343766351,0.11739840120537395,0.1599470811972879,0.08986015262715887,0.15967440487900847,0.1672448064855595,0.10291304585451166,0.10997368421052632,0.14034794594933273,0.2087220882692106,0.1663164013593275,0.1143914730410739,0.1259554419467208,0.09765274725274725,0.07309133010965062,0.1065939957112223,0.15943945002644103,0.049107887276971816,0.09582205683355886,0.07299320671010676,0.0700456368413774,0.08302411873840446,0.09579918032786885,0.10388176335683343,0.15296451399603261,0.0941101152368758,0.1458959711365003,0.09326341266639775,0.10099857346647646,0.08753544569103687,0.063872992431235,0.0779344512195122,0.06788710907704043,0.1534920952571543,0.1453551912568306,0.14887824003485078,0.13363892806770097,0.14533693605174813,0.11282449867868802,0.13108766233766234,0.10899244048290646,0.0830305477055578,0.09859496124031007,0.1322483188773024,0.10493470472668438,0.2552187697154625,0.1562366674061812,0.08744484556758925,0.11374682626042801,0.1410965995062515,0.25112373844457636,0.12398391134362782,0.19891440189513346,0.10835288340880572,0.2082581699672105,0.11076978677267799,0.1264573227810399,0.10512483574244415,0.0901646056834002,0.128470853280766,0.1371479749228779,0.07016081000595592,0.09695960016659726,0.12214344600164881,0.07123116697869306,0.25781152744927177,0.11510040858906372,0.1829145728643216,0.06409271800600433,0.09799491669020051,0.07865689639180039,0.09957875029253452,0.19596511505726594,0.07551542272654627,0.11425289281910757,0.12011356191308147,0.14438185591461608,0.11134020618556702,0.11273993682675953,0.10794213973799127,0.04626386456509048,0.15619189289698773,0.11571212745501991,0.13061582292351523,0.17255779269202087,0.16864155734236141,0.1701935522711538,0.11674946770759403,0.06808350573631747,0.14537661607644745,0.11204030226700253,0.13784846157321645,0.18023938042712978,0.20402084884586746,0.15229076017404658,0.193857443772508,0.1363467261904762,0.2052128841169937,0.11127739692961282,0.252129750982962,0.1973258035046923,0.12737274347253427,0.058987459359033906,0.09132278415554866,0.06414300736067298,0.07294958098639923,0.054690503652441366,0.09026307831871787,0.06952814934587682,0.10778676542247344,0.06611140031233732,0.0916709834973729,0.1630102632188995,0.06596484450453931,0.11516834432488719,0.14104051832511363,0.14355687987264787,0.0965244012245633,0.13391189717675492,0.06656859139389482,0.08276318693445156,0.09188504734639948,0.14196830746297676,0.14098931006425183,0.10039038422025888,0.0945329384455295,0.08363657038890153,0.07003044802087864,0.09235225955967555,0.11368286445012787,0.10136941813261163,0.09719173842084529,0.09972313917580662,0.07225835988020525,0.09827255278310941,0.1051628276409849,0.06667629849021166,0.10202302057900244,0.09233870967741936,0.06915509259259259,0.08938151634780848,0.078128835431497,0.08152011922503725,0.10358221838584376,0.08400392541707556,0.07611059335197266,0.09129671432154503,0.07069366080318619,0.06498696785403997,0.1180024164317358,0.08159392789373814,0.0672,0.07638572513287775,0.09917355371900827,0.10854079851836022,0.08422585896666952,0.07318883826547694,0.0793086738814408,0.10151036178433438,0.10284777709485761,0.094980462879471,0.09941742654508612,0.26560105101817383,0.1318699455355669,0.07708913253422713,0.08072550772767914,0.0986259203283371,0.05099351175993512,0.0872606223818073,0.4102157360406091,0.10322668235507082
